{
    "frame": 0,
    "theta": 1.5707963267948966,
    "beta": 0.0,
    "Rt": [
        [
            1.0,
            0.0,
            0.0,
            3.176972687482712e-14
        ],
        [
            0.0,
            1.0,
            0.0,
            1.4207720402676388e-14
        ],
        [
            0.0,
            0.0,
            1.0,
            -52.430540925445676
        ],
        [
            0.0,
            0.0,
            0.0,
            1.0
        ]
    ],
    "K": [
        [
            512.0000000000001,
            0.0,
            512.0
        ],
        [
            0.0,
            512.0000000000001,
            512.0
        ],
        [
            0.0,
            0.0,
            1.0
        ]
    ]
}