{
    "frame": 0,
    "theta": 1.5707963267948966,
    "beta": 0.0,
    "Rt": [
        [
            1.0,
            0.0,
            0.0,
            0.0
        ],
        [
            0.0,
            1.0,
            0.0,
            0.0
        ],
        [
            0.0,
            0.0,
            1.0,
            -46.256197841852625
        ],
        [
            0.0,
            0.0,
            0.0,
            1.0
        ]
    ],
    "K": [
        [
            512.0000000000001,
            0.0,
            512.0
        ],
        [
            0.0,
            512.0000000000001,
            512.0
        ],
        [
            0.0,
            0.0,
            1.0
        ]
    ]
}